{"cameraMode":{"drawMode":2,"name":"Shaded Wireframe","section":"Shading Mode"},"sceneLighting":true,"audioPlay":false,"sceneViewState":{"showFog":true,"showMaterialUpdate":false,"showSkybox":true,"showFlares":true,"showImageEffects":true,"showParticleSystems":true},"in2DMode":false,"pivot":{"x":-94.57766723632813,"y":-35.749168395996097,"z":-7.799015045166016},"rotation":{"x":0.14758466184139253,"y":-0.6760547161102295,"z":0.14091826975345612,"w":0.7080331444740295},"size":107.58992004394531,"orthographic":false}